ts	phase	decision	why	evidence	result
2026-07-23T16:23:08Z	frame	captured the green baseline and identified missing milestone features	we need current evidence before changing renderer semantics	/tmp/effects-ready-v1-baseline and git log	96 tests passed, focused examples are 6 to 9 frames
2026-07-23T16:23:08Z	design	use a timed effect wrapper with half-open intervals	one wrapper keeps effects and preset-generated passes consistent without duplicating timing fields in every plan variant	src/plan/model.rs and timing design review	ready to implement
2026-07-23T16:30:26Z	baseline	stopped the check-script benchmark child after 469 seconds	cargo test --all-targets executes the 10-sample 720x1280 benchmark because the benchmark has no test harness	/scripts/check.sh process output	INCONCLUSIVE, test suite portion passed before benchmark child was stopped
2026-07-23T16:30:26Z	timing	implemented active intervals for camera shake and presets	transient work needs a local timeline and identity outside it	src/project/model.rs src/plan/model.rs src/plan/compiler.rs	focused timing and flash-cut tests pass
2026-07-23T16:34:18Z	algorithms	replaced Gaussian zoom transition blur and corrected transparent compositing	image algorithms must preserve visible alpha and the named transition must match its behavior	src/render/effects.rs src/render/compositor.rs	92 library tests pass
2026-07-23T16:37:09Z	correctness	validated colour levels over time and restored fast paths	animated ranges need pointwise comparison and basic colour should not allocate a canvas-sized pass	src/project/validation/mod.rs src/render/compositor.rs src/render/effects.rs	96 library tests and clippy pass
2026-07-23T16:40:12Z	zoom-blur	exposed radial zoom blur in the project format	long examples and users need to configure the real algorithm, not only transitions	examples/effects/zoom-blur.json	validated and rendered 360x640 at 30fps for 150 frames
2026-07-23T16:45:01Z	examples	lengthened every user-facing preview and added a render-all command	six-frame projects cannot show timing, easing, or settling	scripts/render-effect-examples.sh and tests/schema_validation.py	checks pass and focused previews enforce at least 90 frames
2026-07-23T16:49:27Z	verification	rendered every long example through the CPU backend	project validation alone cannot prove encoder and renderer paths	examples/output/projects-effects-ready-v1.mp4	all 23 configured previews rendered, including 720x1280 for 180 frames
2026-07-23T16:51:04Z	refactor	moved radial zoom sampling out of compositor coordination	the compositor should dispatch effects, not own each image algorithm	src/render/zoom_blur.rs	focused zoom test and type check pass
2026-07-23T16:55:00Z	statistics	counted all compiled track keyframes and separated preset-generated effects	performance data must reflect work evaluated at render time while retaining authored-versus-generated context	src/plan/compiler.rs src/plan/model.rs src/render/prepared.rs	compiler tests and strict clippy pass
